 [{"msg_id":7,"bundleid":"all","version":"all","type":"normal","notification":{"alert":"Hi, JPush!","title":"title"},"message":{"msg_content":"Hi,JPush","content_type":"text","title":"msg","btn_title":"","btn_url":""},"options":{"production":0}},{"msg_id":8,"bundleid":"all","version":"all","type":"normal","notification":{"alert":"Hi, MyPush!","title":"title2"},"message":{"msg_content":"https://s3.us-east-2.amazonaws.com/handjoycdn/ios/appicon/blzy.png","content_type":"image","title":"近期常见问题","btn_title":"查看详情","btn_url":"http://bbs.hand-joy.com/forum.php?mod=viewthread&tid=465&extra=page%3D1"},"options":{"production":0}}]
