{
    "result":10000,
    "data":{
        "total":16,
        "rows":[
                {
                "cid":"1",
                "message_id":656,
                "message":"杀马特一词源于英文单词smart,可以译为时尚的；聪明的，在中国正式发展始于2008年，是结合日本视觉系和欧美摇滚的结合体，喜欢并盲目模仿日本视觉系摇滚乐队的衣服、头发等等，看不惯的网友们将他们称为“山寨系”，“脑残”划上等号脑残族并列。",
                "createDate":1463646327000,
                "timeTag":"2天前",
                "createDateStr":"2016-05-19 16:25",
                "objId":"f1562484",
                "message_type":"text",
                "checkStatus":"YES",
                "userId":82,
                "userName":"杀马特",
                "likeUsers":[{"userId":"274","userName":"文明"},
                             {"userId":"4","userName":"刘德华"},
                             {"userId":"5","userName":"谭咏麟"},{"userId":"6","userName":"梅艳芳"},{"userId":"7","userName":"Eason"},{"userId":"8","userName":"Beyond"},{"userId":"9","userName":"解放军"},{"userId":"10","userName":"马云"},{"userId":"11","userName":"飞机"},{"userId":"12","userName":"理发店"},{"userId":"13","userName":"欧迪芬"},{"userId":"14","userName":"卡卡"},{"userId":"15","userName":"胖大海"}],
                "photo":"http://weixintest.ihk.cn/ihkwx_upload/userPhoto/15914867203-1461920972642.jpg",
                "messageSmallPics":[
                                  "http://weixintest.ihk.cn/ihkwx_upload/commentPic/20160503/14622764778932thumbnail.jpg",
                                    "http://weixintest.ihk.cn/ihkwx_upload/commentPic/20160426/14616659617000.jpg",
                                  "https://d13yacurqjgara.cloudfront.net/users/288987/screenshots/2025999/batman-beyond-the-rain.gif"
                                  ],
                "messageBigPics":[
                                         "http://weixintest.ihk.cn/ihkwx_upload/commentPic/20160503/14622764778932thumbnail.jpg",
                                  "http://weixintest.ihk.cn/ihkwx_upload/commentPic/20160426/14616659617000.jpg",
                                         "https://d13yacurqjgara.cloudfront.net/users/288987/screenshots/2025999/batman-beyond-the-rain.gif"
                                         ],
                "commentMessages":[
                                   {
                                   "commentId":"1",
                                   "commentUserId":97,
                                   "commentUserName":"怕瓦落地",
                                   "commentPhoto":"http://weixintest.ihk.cn/ihkwx_upload/commentPic/20160307/14573358906810.JPEG",
                                   "commentText":"杀马特遇见洗剪吹",
                                   "commentByUserId":"",
                                   "commentByUserName":"",
                                   "commentByPhoto":"",
                                   "createDate":1463641914000,
                                   "createDateStr":"2016-05-19 15:11",
                                   "checkStatus":"YES"
                                   },
                                   {
                                   "commentId":"2",
                                   "commentUserId":97,
                                   "commentUserName":"怕瓦落地",
                                   "commentPhoto":"http://weixintest.ihk.cn/ihkwx_upload/commentPic/20160307/14573358906810.JPEG",
                                   "commentText":"你妈妈一直说我老土，我就找了村口王师傅烫头，她就不会再来拆散我俩",
                                   "commentByUserId":"",
                                   "commentByUserName":"",
                                   "commentByPhoto":"",
                                   "createDate":1463641914000,
                                   "createDateStr":"2016-05-19 15:11",
                                   "checkStatus":"YES"
                                   }
                ]
                },
                {
                "cid":"2",
                "message_id":652,
                "message":"http://admin.weixin.ihk.cn/ihkwx_upload/test.mp4",
                "createDate":1463642352000,
                "timeTag":"2天前",
                "createDateStr":"2016-05-19 15:19",
                "objId":"f1562484",
                "message_type":"video",
                "checkStatus":"YES",
                "userId":274,
                "userName":"文明",
                "likeUsers":[{"userId":"16","userName":"郭富城"},{"userId":"17","userName":"枪炮玫瑰"},
                             {"userId":"18","userName":"王杰"},{"userId":"19","userName":"梁静茹"},{"userId":"20","userName":"光良"}],
                "photo":"http://q.qlogo.cn/qqapp/1104706859/189AA89FAADD207E76D066059F924AE0/100",
                "messageSmallPics":[
                
                ],
                "messageBigPics":[
                
                ],
                "commentMessages":[
                                   {
                                   "commentId":"3",
                                   "commentUserId":97,
                                   "commentUserName":"怕瓦落地",
                                   "commentPhoto":"http://weixintest.ihk.cn/ihkwx_upload/commentPic/20160307/14573358906810.JPEG",
                                   "commentText":"我叫小红。你们叫什么名字？",
                                   "commentByUserId":"",
                                   "commentByUserName":"",
                                   "commentByPhoto":"",
                                   "createDate":1463641914000,
                                   "createDateStr":"2016-05-19 15:11",
                                   "checkStatus":"YES"
                                   },
                                   {
                                   "commentId":"4",
                                   "commentUserId":274,
                                   "commentUserName":"文明",
                                   "commentPhoto":"http://q.qlogo.cn/qqapp/1104706859/189AA89FAADD207E76D066059F924AE0/100",
                                   "commentText":"我叫小刚！",
                                   "commentByUserId":274,
                                   "commentByUserName":"文明",
                                   "commentByPhoto":"http://q.qlogo.cn/qqapp/1104706859/189AA89FAADD207E76D066059F924AE0/100",
                                   "createDate":1463127211000,
                                   "createDateStr":"2016-05-13 16:13",
                                   "checkStatus":"YES"
                                   },
                                   {
                                   "commentId":"5",
                                   "commentUserId":274,
                                   "commentUserName":"文明",
                                   "commentPhoto":"http://q.qlogo.cn/qqapp/1104706859/189AA89FAADD207E76D066059F924AE0/100",
                                   "commentText":"我叫小强。",
                                   "commentByUserId":0,
                                   "commentByUserName":"",
                                   "commentByPhoto":"",
                                   "createDate":1463127227000,
                                   "createDateStr":"2016-05-13 16:13",
                                   "checkStatus":"YES"
                                   }
                ]
                },
                {
                "cid":"3",
                "message_id":648,
                "message":"http://static.tripbe.com/videofiles/20121214/9533522808.f4v.mp4",
                "createDate":1463641730000,
                "timeTag":"2天前",
                "createDateStr":"2016-05-19 15:08",
                "objId":"f1562484",
                "message_type":"video",
                "checkStatus":"YES",
                "userId":97,
                "userName":"怕瓦落地",
                "likeUsers":[{"userId":"21","userName":"河图"}],
                "photo":"http://weixintest.ihk.cn/ihkwx_upload/userPhoto/18565061404-1448440129479.jpg",
                "messageSmallPics":[
                                  "http://weixintest.ihk.cn/ihkwx_upload/commentPic/20160519/14636417251890thumbnail.jpg",
                                  "http://weixintest.ihk.cn/ihkwx_upload/commentPic/20160519/14636417276631thumbnail.jpg",
                                  "http://weixintest.ihk.cn/ihkwx_upload/commentPic/20160519/14636417292432thumbnail.jpg"
                                  ],
                "messageBigPics":[
                                  "http://weixintest.ihk.cn/ihkwx_upload/commentPic/20160519/14636417251850.jpg",
                                  "http://weixintest.ihk.cn/ihkwx_upload/commentPic/20160519/14636417276611.jpg",
                                  "http://weixintest.ihk.cn/ihkwx_upload/commentPic/20160519/14636417292422.jpg"
                                         ],
                "commentMessages":[
                                 {
                                 "commentId":"6",
                                 "commentUserId":97,
                                 "commentUserName":"怕瓦落地",
                                 "commentPhoto":"http://weixintest.ihk.cn/ihkwx_upload/commentPic/20160307/14573358906810.JPEG",
                                 "commentText":"啦啦啦呃呃呃",
                                 "commentByUserId":"",
                                 "commentByUserName":"",
                                 "commentByPhoto":"",
                                 "createDate":1463641914000,
                                 "createDateStr":"2016-05-19 15:11",
                                 "checkStatus":"YES"
                                 }
                                 ]
                },
                {
                "cid":"4",
                "message_id":636,
                "message":"人生四大悲：久旱逢甘雨，一滴；他乡遇故知，债主；洞房花烛夜，隔壁；金榜题名 时，做梦。",
                "createDate":1463554037000,
                "timeTag":"3天前",
                "createDateStr":"2016-05-18 14:47",
                "objId":"f1562484",
                "message_type":"text",
                "checkStatus":"YES",
                "userId":278,
                "userName":"13719162910",
                "likeUsers":[{"userId":"22","userName":"周杰伦"},{"userId":"23","userName":"李湘"}],
                "photo":"http://weixintest.ihk.cn/ihkwx_upload/userPhoto/13719162910-1463115526444.jpg",
                "messageSmallPics":[
                
                ],
                "messageBigPics":[
                
                ],
                "commentMessages":[
                
                ]
                },
                {
                "cid":"5",
                "message_id":609,
                "message":"代沟就是--我问老爸：“你觉得《菊花台》怎么样？”老爸想想说：“没喝过！”",
                "createDate":1463369387000,
                "timeTag":"5天前",
                "createDateStr":"2016-05-16 11:29",
                "objId":"f1562484",
                "message_type":"text",
                "checkStatus":"YES",
                "userId":82,
                "userName":"杀马特",
                "likeUsers":[],
                "photo":"http://weixintest.ihk.cn/ihkwx_upload/userPhoto/15914867203-1461920972642.jpg",
                "messageSmallPics":[
                
                ],
                "messageBigPics":[
                
                ],
                "commentMessages":[
                
                ]
                },
                {
                "cid":"6",
                "message_id":578,
                "message":"WMPlayer视频播放器，AVPlayer的封装，继承UIView，想怎么玩就怎么玩。支持播放mp4、m3u8、3gp、mov，网络和本地视频同时支持。全屏和小屏播放同时支持。 cell中播放视频，全屏小屏切换自如。https://github.com/zhengwenming/WMPlayer",
                "createDate":1463126204000,
                "timeTag":"8天前",
                "createDateStr":"2016-05-13 15:56",
                "objId":"f1562484",
                "message_type":"text",
                "checkStatus":"YES",
                "userId":274,
                "userName":"文明",
                "likeUsers":[
                             {"userId":"23","userName":"王宝强"},{"userId":"24","userName":"羽泉"},
                                {"userId":"25","userName":"老王"}],
                "photo":"http://q.qlogo.cn/qqapp/1104706859/189AA89FAADD207E76D066059F924AE0/100",
                "messageSmallPics":[
                                  "http://weixintest.ihk.cn/ihkwx_upload/commentPic/20160513/14631262033360thumbnail.JPEG",
                                  "http://weixintest.ihk.cn/ihkwx_upload/commentPic/20160513/14631262036611thumbnail.JPEG",
                                  "http://weixintest.ihk.cn/ihkwx_upload/commentPic/20160513/14631262041612.JPEG",
                                  "http://weixintest.ihk.cn/ihkwx_upload/commentPic/20160513/14631262041643.JPEG",
                                  "http://weixintest.ihk.cn/ihkwx_upload/commentPic/20160513/14631262041664.JPEG",
                                  "http://weixintest.ihk.cn/ihkwx_upload/commentPic/20160513/14631262041705.JPEG",
                                  "http://weixintest.ihk.cn/ihkwx_upload/commentPic/20160513/14631262041736.JPEG",
                                  "http://weixintest.ihk.cn/ihkwx_upload/commentPic/20160513/14631262041777.JPEG",
                                  "http://weixintest.ihk.cn/ihkwx_upload/commentPic/20160513/14631262041808.JPEG"
                                  ],
                "messageBigPics":[
                                         "http://weixintest.ihk.cn/ihkwx_upload/commentPic/20160513/14631262033360.JPEG",
                                         "http://weixintest.ihk.cn/ihkwx_upload/commentPic/20160513/14631262036611.JPEG",
                                         "http://weixintest.ihk.cn/ihkwx_upload/commentPic/20160513/14631262041612.JPEG",
                                         "http://weixintest.ihk.cn/ihkwx_upload/commentPic/20160513/14631262041643.JPEG",
                                         "http://weixintest.ihk.cn/ihkwx_upload/commentPic/20160513/14631262041664.JPEG",
                                         "http://weixintest.ihk.cn/ihkwx_upload/commentPic/20160513/14631262041705.JPEG",
                                         "http://weixintest.ihk.cn/ihkwx_upload/commentPic/20160513/14631262041736.JPEG",
                                         "http://weixintest.ihk.cn/ihkwx_upload/commentPic/20160513/14631262041777.JPEG",
                                         "http://weixintest.ihk.cn/ihkwx_upload/commentPic/20160513/14631262041808.JPEG"
                                         ],
                "commentMessages":[
                
                ]
                },
                {
                "cid":"7",
                "message_id":576,
                "message":"当日21时31分，市公安局指挥中心接到报警称：岳塘区木鱼湖附近有人将一裸体女子关入行李箱中。接警后，河东沿江风光带巡特警、武警联合巡逻组5分钟内赶赴现场，和周围群众、宝塔派出所民警迅速解救并安抚女子。同时，组织警力对跳入木鱼湖中企图逃跑的涉案男子实施围捕，市局，分局值班领导现场指挥，附近警力快速支援。经工作，23时20分许，在湖中成功将涉案男子抓获。经初查，犯罪嫌疑人潘某以恐吓、殴打等手段对受害人实施了性侵。为掩盖犯罪事实，该潘将昏迷的受害人装入旅行箱准备丢弃，途中受害人呼救被人发现并报警。犯罪嫌疑人潘某与受害人合租在同一套出租房中，当日19时20分许，潘某发现受害人一人在家，遂起歹意，通过恐吓、殴打等手段对受害人实施了性侵，导致受害人昏迷，并非网传的迷药。 警方提示，女青年在外租住房屋时，一定要倍加谨慎，提高警惕，加强安全防范，确保人身财产安全。 ",
                "createDate":1463123737000,
                "timeTag":"8天前",
                "createDateStr":"2016-05-13 15:15",
                "objId":"f1562484",
                "message_type":"text",
                "checkStatus":"YES",
                "userId":274,
                "userName":"文明",
                "likeUsers":[
                             {"userId":"26","userName":"谢霆锋"},{"userId":"27","userName":"陈冠希"}],
                "photo":"http://q.qlogo.cn/qqapp/1104706859/189AA89FAADD207E76D066059F924AE0/100",

                "messageSmallPics":[
                                  "http://weixintest.ihk.cn/ihkwx_upload/commentPic/20160513/14631237376790.JPEG"
                                  ],
                "messageBigPics":[
                                         "http://weixintest.ihk.cn/ihkwx_upload/commentPic/20160513/14631237376790.JPEG"
                                         ],
                "commentMessages":[
                
                ]
                },
                {
                "cid":"8",
                "message_id":575,
                "message":"八戒：“猴哥，好在你不会化妆，否则早就花光了全部家产！”；悟空：“怎么可能？”；八戒：“真的啊，人家一瓶护发素用两个月，你呢两天就会用完！”",
                "createDate":1463123639000,
                "timeTag":"8天前",
                "createDateStr":"2016-05-13 15:13",
                "objId":"f1562484",
                "message_type":"text",
                "checkStatus":"YES",
                "userId":274,
                "userName":"文明",
                "likeUsers":[{"userId":"28","userName":"王菲"},{"userId":"29","userName":"李亚鹏"},
                             {"userId":"30","userName":"汪峰"},{"userId":"30","userName":"章子怡"}],
                "photo":"http://q.qlogo.cn/qqapp/1104706859/189AA89FAADD207E76D066059F924AE0/100",

                "messageSmallPics":[
                                  "http://weixintest.ihk.cn/ihkwx_upload/commentPic/20160513/14631236396430.JPEG",
                                  "http://weixintest.ihk.cn/ihkwx_upload/commentPic/20160513/14631236396531.JPEG",
                                  "http://weixintest.ihk.cn/ihkwx_upload/commentPic/20160513/14631236396622.JPEG",
                                  "http://weixintest.ihk.cn/ihkwx_upload/commentPic/20160513/14631236396703.JPEG",
                                  "http://weixintest.ihk.cn/ihkwx_upload/commentPic/20160513/14631236396894.JPEG",
                                  "http://weixintest.ihk.cn/ihkwx_upload/commentPic/20160513/14631236396975.JPEG"
                                  ],
                "messageBigPics":[
                                         "http://weixintest.ihk.cn/ihkwx_upload/commentPic/20160513/14631236396430.JPEG",
                                         "http://weixintest.ihk.cn/ihkwx_upload/commentPic/20160513/14631236396531.JPEG",
                                         "http://weixintest.ihk.cn/ihkwx_upload/commentPic/20160513/14631236396622.JPEG",
                                         "http://weixintest.ihk.cn/ihkwx_upload/commentPic/20160513/14631236396703.JPEG",
                                         "http://weixintest.ihk.cn/ihkwx_upload/commentPic/20160513/14631236396894.JPEG",
                                         "http://weixintest.ihk.cn/ihkwx_upload/commentPic/20160513/14631236396975.JPEG"
                                         ],
                "commentMessages":[
                                 {
                                 "commentId":"7",
                                 "commentUserId":274,
                                 "commentUserName":"文明",
                                 "commentPhoto":"http://q.qlogo.cn/qqapp/1104706859/189AA89FAADD207E76D066059F924AE0/100",
                                 "commentText":"火车，福彩",
                                 "commentByUserId":274,
                                 "commentByUserName":"文明",
                                 "commentByPhoto":"http://q.qlogo.cn/qqapp/1104706859/189AA89FAADD207E76D066059F924AE0/100",
                                 "createDate":1463126018000,
                                 "createDateStr":"2016-05-13 15:53",
                                 "checkStatus":"YES"
                                 },
                                 {
                                 "commentId":"8",
                                 "commentUserId":274,
                                 "commentUserName":"文明",
                                 "commentPhoto":"http://q.qlogo.cn/qqapp/1104706859/189AA89FAADD207E76D066059F924AE0/100",
                                   "commentText":"当日21时31分，市公安局指挥中心接到报警称：岳塘区木鱼湖附近有人将一裸体女子关入行李箱中。接警后，河东沿江风光带巡特警、武警联合巡逻组5分钟内赶赴现场，和周围群众、宝塔派出所民警迅速解救并安抚女子。同时，组织警力对跳入木鱼湖中企图逃跑的涉案男子实施围捕，市局，分局值班领导现场指挥，附近警力快速支援。经工作，23时20分许，在湖中成功将涉案男子抓获。",
                                 "commentByUserId":274,
                                 "commentByUserName":"文明",
                                 "commentByPhoto":"http://q.qlogo.cn/qqapp/1104706859/189AA89FAADD207E76D066059F924AE0/100",
                                 "createDate":1463127211000,
                                 "createDateStr":"2016-05-13 16:13",
                                 "checkStatus":"YES"
                                 },
                                 {
                                 "commentId":"9",
                                 "commentUserId":274,
                                 "commentUserName":"文明",
                                 "commentPhoto":"http://q.qlogo.cn/qqapp/1104706859/189AA89FAADD207E76D066059F924AE0/100",
                                   "commentText":"经初查，犯罪嫌疑人潘某以恐吓、殴打等手段对受害人实施了性侵。为掩盖犯罪事实，该潘将昏迷的受害人装入旅行箱准备丢弃，途中受害人呼救被人发现并报警。犯罪嫌疑人潘某与受害人合租在同一套出租房中，当日19时20分许，潘某发现受害人一人在家，遂起歹意，通过恐吓、殴打等手段对受害人实施了性侵，导致受害人昏迷，并非网传的迷药。",
                                 "commentByUserId":0,
                                 "commentByUserName":"",
                                 "commentByPhoto":"",
                                 "createDate":1463127227000,
                                 "createDateStr":"2016-05-13 16:13",
                                 "checkStatus":"YES"
                                   },
                                   {
                                   "commentId":"10",
                                   "commentUserId":274,
                                   "commentUserName":"文明",
                                   "commentPhoto":"http://q.qlogo.cn/qqapp/1104706859/189AA89FAADD207E76D066059F924AE0/100",
                                   "commentText":"警方提示，女青年在外租住房屋时，一定要倍加谨慎，提高警惕，加强安全防范，确保人身财产安全。",
                                   "commentByUserId":0,
                                   "commentByUserName":"",
                                   "commentByPhoto":"",
                                   "createDate":1463127227000,
                                   "createDateStr":"2016-05-13 16:13",
                                   "checkStatus":"YES"
                                   }
                                 ]
                },
                {
                "cid":"9",
                "message_id":574,
                "message":"最近很多人跳楼，大家小心别被砸到了",
                "createDate":1463123346000,
                "timeTag":"8天前",
                "createDateStr":"2016-05-13 15:09",
                "objId":"f1562484",
                "message_type":"text",
                "checkStatus":"YES",
                "userId":274,
                "userName":"文明",
                "likeUsers":[{"userId":"0","userName":"谢安琪"},{"userId":"1","userName":"阿桑"},
                             {"userId":"2","userName":"弦子"},{"userId":"3","userName":"朴树"}],
                "photo":"http://q.qlogo.cn/qqapp/1104706859/189AA89FAADD207E76D066059F924AE0/100",
                "messageSmallPics":[
                                  "http://weixintest.ihk.cn/ihkwx_upload/commentPic/20160513/14631233468840.JPEG",
                                  "http://weixintest.ihk.cn/ihkwx_upload/commentPic/20160513/14631233468951.JPEG",
                                  "http://weixintest.ihk.cn/ihkwx_upload/commentPic/20160513/14631233469072.JPEG",
                                  "http://weixintest.ihk.cn/ihkwx_upload/commentPic/20160513/14631233469163.JPEG",
                                  ],
                "messageBigPics":[
                                         "http://weixintest.ihk.cn/ihkwx_upload/commentPic/20160513/14631233468840.JPEG",
                                         "http://weixintest.ihk.cn/ihkwx_upload/commentPic/20160513/14631233468951.JPEG",
                                         "http://weixintest.ihk.cn/ihkwx_upload/commentPic/20160513/14631233469072.JPEG",
                                         "http://weixintest.ihk.cn/ihkwx_upload/commentPic/20160513/14631233469163.JPEG",
                                         ],
                "commentMessages":[
                
                ]
                },
                {
                "cid":"10",
                "message_id":573,
                "message":"凤姐和犀利哥结婚了！",
                "createDate":1463123197000,
                "timeTag":"8天前",
                "createDateStr":"2016-05-13 15:06",
                "objId":"f1562484",
                "message_type":"text",
                "checkStatus":"YES",
                "userId":274,
                "userName":"文明",
                "likeUsers":[{"userId":"31","userName":"许嵩"},{"userId":"32","userName":"张国荣"},
                             {"userId":"33","userName":"含笑"},{"userId":"34","userName":"罗大佑"},{"userId":"35","userName":"张卫"},{"userId":"36","userName":"张震岳"},{"userId":"37","userName":"邓丽君"}],
                "photo":"http://q.qlogo.cn/qqapp/1104706859/189AA89FAADD207E76D066059F924AE0/100",
                "messageSmallPics":[
                
                ],
                "messageBigPics":[
                
                ],
                "commentMessages":[
                                   {
                                   "commentId":"11",
                                   "commentUserId":274,
                                   "commentUserName":"文明",
                                   "commentPhoto":"http://q.qlogo.cn/qqapp/1104706859/189AA89FAADD207E76D066059F924AE0/100",
                                   "commentText":"真的假的？",
                                   "commentByUserId":274,
                                   "commentByUserName":"文明",
                                   "commentByPhoto":"http://q.qlogo.cn/qqapp/1104706859/189AA89FAADD207E76D066059F924AE0/100",
                                   "createDate":1463126018000,
                                   "createDateStr":"2016-05-13 15:53",
                                   "checkStatus":"YES"
                                   },
                                   {
                                   "commentId":"12",
                                   "commentUserId":274,
                                   "commentUserName":"文明",
                                   "commentPhoto":"http://q.qlogo.cn/qqapp/1104706859/189AA89FAADD207E76D066059F924AE0/100",
                                   "commentText":"什么时候？",
                                   "commentByUserId":274,
                                   "commentByUserName":"文明",
                                   "commentByPhoto":"http://q.qlogo.cn/qqapp/1104706859/189AA89FAADD207E76D066059F924AE0/100",
                                   "createDate":1463127211000,
                                   "createDateStr":"2016-05-13 16:13",
                                   "checkStatus":"YES"
                                   },
                                   {
                                   "commentId":"13",
                                   "commentUserId":274,
                                   "commentUserName":"文明",
                                   "commentPhoto":"http://q.qlogo.cn/qqapp/1104706859/189AA89FAADD207E76D066059F924AE0/100",
                                   "commentText":"金童玉女，才子佳人，祝福天下有情人终成眷属",
                                   "commentByUserId":0,
                                   "commentByUserName":"",
                                   "commentByPhoto":"",
                                   "createDate":1463127227000,
                                   "createDateStr":"2016-05-13 16:13",
                                   "checkStatus":"YES"
                                   }
                                   ]
                },
                {
                "cid":"11",
                "message_id":577,
                "message":"1、NSTimer计算的时间并不精确;2、NSTimer需要添加到runLoop运行才会执行，但是这个runLoop的线程必须是已经开启;3、NSTimer会对它的tagert进行retain，我们必须对其重复性的使用intvailte停止。target如果是self（指UIViewController），那么VC的retainCount+1，如果你不释放NSTimer，那么你的VC就不会dealloc了，内存泄漏了。",
                "createDate":1463123199000,
                "timeTag":"10天前",
                "createDateStr":"2016-09-13 15:06",
                "objId":"f1567484",
                "message_type":"text",
                "checkStatus":"YES",
                "userId":274,
                "userName":"文明",
                 "likeUsers":[{"userId":"38","userName":"崔健"}],
                "photo":"http://q.qlogo.cn/qqapp/1104706859/189AA89FAADD207E76D066059F924AE0/100",
                "messageSmallPics":[
                
                ],
                "messageBigPics":[
                
                ],
                "commentMessages":[
                                   {
                                   "commentId":"110",
                                   "commentUserId":274,
                                   "commentUserName":"文明",
                                   "commentPhoto":"http://q.qlogo.cn/qqapp/1104706859/189AA89FAADD207E76D066059F924AE0/100",
                                   "commentText":"哦哦哦，原来如此哦。",
                                   "commentByUserId":274,
                                   "commentByUserName":"文明",
                                   "commentByPhoto":"http://q.qlogo.cn/qqapp/1104706859/189AA89FAADD207E76D066059F924AE0/100",
                                   "createDate":1463126018000,
                                   "createDateStr":"2016-05-13 15:53",
                                   "checkStatus":"YES"
                                   },
                                   {
                                   "commentId":"120",
                                   "commentUserId":274,
                                   "commentUserName":"文明",
                                   "commentPhoto":"http://q.qlogo.cn/qqapp/1104706859/189AA89FAADD207E76D066059F924AE0/100",
                                   "commentText":"自动布局中多行UILabel，需要设置其preferredMaxLayoutWidth属性才能正常显示多行内容。另外如果出现显示不全文本，可以在计算的结果基础上＋0.5。",
                                   "commentByUserId":274,
                                   "commentByUserName":"文明",
                                   "commentByPhoto":"http://q.qlogo.cn/qqapp/1104706859/189AA89FAADD207E76D066059F924AE0/100",
                                   "createDate":1463127211000,
                                   "createDateStr":"2016-05-13 16:13",
                                   "checkStatus":"YES"
                                   },
                                   {
                                   "commentId":"130",
                                   "commentUserId":274,
                                   "commentUserName":"文明",
                                   "commentPhoto":"http://q.qlogo.cn/qqapp/1104706859/189AA89FAADD207E76D066059F924AE0/100",
                                   "commentText":"使用MBProgressHud时，尽量不要加到UIWindow上，加self.view上即可。如果加UIWindow上在iPad上，旋转屏幕的时候MBProgressHud不会旋转。之前有人遇到这个bug，我让他改放到self.view上即可解决此bug。",
                                   "commentByUserId":0,
                                   "commentByUserName":"",
                                   "commentByPhoto":"",
                                   "createDate":1463127227000,
                                   "createDateStr":"2016-05-13 16:13",
                                   "checkStatus":"YES"
                                   }
                                   ]
                }
                ,
                {
                "cid":"12",
                "message_id":777,
                "message":"我靠MRC和ARC混编设置方式,在XCode中targets的build phases选项下Compile Sources下选择 不需要arc编译的文件,双击输入 -fno-objc-arc 即可;MRC工程中也可以使用ARC的类，方法如下：在XCode中targets的build phases选项下Compile Sources下选择要使用arc编译的文件,双击输入 -fobjc-arc 即可",
                "createDate":1463123399000,
                "timeTag":"1个月前",
                "createDateStr":"2016-09-13 19:06",
                "objId":"f1562584",
                "message_type":"text",
                "checkStatus":"YES",
                "userId":274,
                "userName":"文明",
                "likeUsers":[{"userId":"39","userName":"费玉清"}],
                "photo":"http://q.qlogo.cn/qqapp/1104706859/189AA89FAADD207E76D066059F924AE0/100",
                "messageSmallPics":[
                
                ],
                "messageBigPics":[
                
                ],
                "commentMessages":[
                                   {
                                   "commentId":"170",
                                   "commentUserId":274,
                                   "commentUserName":"文明",
                                   "commentPhoto":"http://q.qlogo.cn/qqapp/1104706859/189AA89FAADD207E76D066059F924AE0/100",
                                   "commentText":"解决同时按两个按钮进两个view的问题，[button setExclusiveTouch:YES];",
                                   "commentByUserId":274,
                                   "commentByUserName":"文明",
                                   "commentByPhoto":"http://q.qlogo.cn/qqapp/1104706859/189AA89FAADD207E76D066059F924AE0/100",
                                   "createDate":1463126018000,
                                   "createDateStr":"2016-05-13 15:53",
                                   "checkStatus":"YES"
                                   },
                                   {
                                   "commentId":"177",
                                   "commentUserId":274,
                                   "commentUserName":"文明",
                                   "commentPhoto":"http://q.qlogo.cn/qqapp/1104706859/189AA89FAADD207E76D066059F924AE0/100",
                                   "commentText":"round：如果参数是小数，则求本身的四舍五入。ceil：如果参数是小数，则求最小的整数但不小于本身（向上取，ceil的英文意思有天花板的意思）；floor：如果参数是小数，则求最大的整数但不大于本身（向下取，floor的英文意思有地板的意思）。",
                                   "commentByUserId":274,
                                   "commentByUserName":"文明",
                                   "commentByPhoto":"http://q.qlogo.cn/qqapp/1104706859/189AA89FAADD207E76D066059F924AE0/100",
                                   "createDate":1463127211000,
                                   "createDateStr":"2016-05-13 16:13",
                                   "checkStatus":"YES"
                                   },
                                   {
                                   "commentId":"178",
                                   "commentUserId":274,
                                   "commentUserName":"文明",
                                   "commentPhoto":"http://q.qlogo.cn/qqapp/1104706859/189AA89FAADD207E76D066059F924AE0/100",
                                   "commentText":"UIScrollView偏移64问题，在一个VC里如果第一个控件是UIScrollView，注意是第一个控件，就是首先addsubview在VC.view上。接着加到scrollView上的View就会在Y点上发生64的偏移（也就是navigationBar的高度44+电池条的高度20）。这个在iOS7以后才会出现。",
                                   "commentByUserId":0,
                                   "commentByUserName":"",
                                   "commentByPhoto":"",
                                   "createDate":1463127227000,
                                   "createDateStr":"2016-05-13 16:13",
                                   "checkStatus":"YES"
                                   }
                                   ]
                }
                ]
    },
    "msg":"成功"
}
